OKR Number,Other Names,Collection / Location,City / State,Country,Collection Number,Comments,KH Issue Date
KH0001,"LL001, UR176",American Museum of Natural History,"New York, NY",USA,B/8705,,2/12/24
KH0002,AS001,National Museum of the American Indian,"New York, NY; 
Washington D.C.",USA,17/8826,,2/12/24
KH0003,AS002,National Museum of the American Indian,"New York, NY; 
Washington D.C.",USA,17/8832,,2/12/24
KH0004,AS003,National Museum of the American Indian,"New York, NY; 
Washington D.C.",USA,17/8827,,2/12/24
KH0005,AS004,National Museum of the American Indian,"New York, NY; 
Washington D.C.",USA,17/8821,,2/12/24
KH0006,AS005,National Museum of the American Indian,"New York, NY; 
Washington D.C.",USA,17/8831,,2/12/24
KH0007,AS006,National Museum of the American Indian,"New York, NY; 
Washington D.C.",USA,17/8838,,2/12/24
KH0008,AS007,National Museum of the American Indian,"New York, NY; 
Washington D.C.",USA,17/8825,,2/12/24
KH0009,AS008,"Pitt Rivers Museum, University of Oxford",Oxford,England,"1931.32.1, VIII. 502",,2/12/24
KH0010,AS009,"Pitt Rivers Museum, University of Oxford",Oxford,England,"1925.55.2, L. I. 39",,2/12/24
KH0011,AS010,Niedersächsisches Landesmuseum,Hannover,Germany,6271,,2/12/24
KH0012,AS011,Niedersächsisches Landesmuseum,Hannover,Germany,10087,,2/12/24
KH0013,AS012,Niedersächsisches Landesmuseum,Hannover,Germany,10217,,2/12/24
KH0014,AS013,Niedersächsisches Landesmuseum,Hannover,Germany,10086,,2/12/24
KH0015,AS014,British Museum,London,England,"Am1907,0319.286",,2/12/24
KH0016,AS015,Penn Museum,"Philadelphia, PA",USA,SA4035,,2/12/24
KH0017,AS016,Penn Museum,"Philadelphia, PA",USA,SA4032,,2/12/24
KH0018,AS017,Penn Museum,"Philadelphia, PA",USA,SA4029,,2/12/24
KH0019,AS018,Penn Museum,"Philadelphia, PA",USA,CG852611-6382,,2/12/24
KH0020,AS019,Penn Museum,"Philadelphia, PA",USA,SA4033,,2/12/24
KH0021,AS020,Penn Museum,"Philadelphia, PA",USA,SA4034,,2/12/24
KH0022,AS021,Penn Museum,"Philadelphia, PA",USA,SA4040,,2/12/24
KH0023,AS022,Penn Museum,"Philadelphia, PA",USA,SA4037,This khipu was not initially entered into the OKR. It is re-introduced here.,2/12/24
KH0024,AS023,Penn Museum,"Philadelphia, PA",USA,SA4038,,2/12/24
KH0025,AS024,Penn Museum,"Philadelphia, PA",USA,SA4036,,2/12/24
KH0026,AS025,Penn Museum,"Philadelphia, PA",USA,SA4041,,2/12/24
KH0027,AS026A,Penn Museum,"Philadelphia, PA",USA,SA4030,,2/12/24
KH0028,AS026B,Penn Museum,"Philadelphia, PA",USA,SA4030,,2/12/24
KH0029,AS027,Penn Museum,"Philadelphia, PA",USA,SA4039,,2/12/24
KH0030,AS028,Penn Museum,"Philadelphia, PA",USA,SA4031,,2/12/24
KH0031,AS029,Wereldmuseum,Rotterdam,Netherlands,WM-40148,,2/12/24
KH0032,"AS030, UR043",Peabody Museum of Archaeology and Ethnology,"Cambridge, MA",USA,41-70.30/3110,,2/12/24
KH0033,"AS031, UR1031, UR044",Peabody Museum of Archaeology and Ethnology,"Cambridge, MA",USA,32-70-30/F851,UR044 (KHIPU_ID 10001012) is an unfinished duplicate of AS031. The more complete  UR1031 (KHIPU_ID 1000097) is retained as the canonical version.,2/12/24
KH0034,"AS032, UR1032",Peabody Museum of Archaeology and Ethnology,"Cambridge, MA",USA,42.28.30/4532,,2/12/24
KH0035,"AS033A, UR1033A",Peabody Museum of Archaeology and Ethnology,"Cambridge, MA",USA,41.52.30/293B,,2/12/24
KH0036,"AS033B, UR1033B",Peabody Museum of Archaeology and Ethnology,"Cambridge, MA",USA,41.52.30/293B,,2/12/24
KH0037,"AS033C, UR1033C",Peabody Museum of Archaeology and Ethnology,"Cambridge, MA",USA,41.52.30/293B,,2/12/24
KH0038,"AS033D, UR1033D",Peabody Museum of Archaeology and Ethnology,"Cambridge, MA",USA,41.52.30/293B,,2/12/24
KH0039,"AS033E, UR1033E",Peabody Museum of Archaeology and Ethnology,"Cambridge, MA",USA,41.52.30/293B,,2/12/24
KH0040,"AS033F, UR1033F",Peabody Museum of Archaeology and Ethnology,"Cambridge, MA",USA,41.52.30/293B,,2/12/24
KH0041,"AS033G, UR1033G",Peabody Museum of Archaeology and Ethnology,"Cambridge, MA",USA,41.52.30/293B,,2/12/24
KH0042,"AS034, UR1034",Smithsonian National Museum of Natural History,Washington D.C.,USA,365240,,2/12/24
KH0043,AS035A,Brooklyn Museum,"Brooklyn, NY",USA,"70.177.69, X591a",,2/12/24
KH0044,AS035B,Brooklyn Museum,"Brooklyn, NY",USA,"70.177.69, X591a",,2/12/24
KH0045,AS035C,Brooklyn Museum,"Brooklyn, NY",USA,"70.177.69, X591a",,2/12/24
KH0046,AS035D,Brooklyn Museum,"Brooklyn, NY",USA,"70.177.69, X591a",,2/12/24
KH0047,AS036,Museo Jacinto Jijón y Caamaño,Quito,Ecuador,P501A,,2/12/24
KH0048,AS037,Museo Jacinto Jijón y Caamaño,Quito,Ecuador,P501B,,2/12/24
KH0049,"AS038, HP036","Museo Nacional de Arqueología, Antropología e Historia del Perú",Lima,Peru,"MNAAHP3550, 3884-147",,2/12/24
KH0050,AS039,"Museo Nacional de Arqueología, Antropología e Historia del Perú",Lima,Peru,17/543,,2/12/24
KH0051,"AS040, UR1040","Museo Nacional de Arqueología, Antropología e Historia del Perú",Lima,Peru,n/a,,2/12/24
KH0052,AS041,"Museo Nacional de Arqueología, Antropología e Historia del Perú",Lima,Peru,V17/559,,2/12/24
KH0053,AS042,"Museo Nacional de Arqueología, Antropología e Historia del Perú",Lima,Peru,17/569,,2/12/24
KH0054,AS043,"Museo Nacional de Arqueología, Antropología e Historia del Perú",Lima,Peru,0908-a,,2/12/24
KH0055,AS044,"Museo Nacional de Arqueología, Antropología e Historia del Perú",Lima,Peru,17/579,,2/12/24
KH0056,AS045,"Museo Nacional de Arqueología, Antropología e Historia del Perú",Lima,Peru,17/560,,2/12/24
KH0057,"AS046, HP041","Museo Nacional de Arqueología, Antropología e Historia del Perú",Lima,Peru,"MNAAHP5693, 17/565",,2/12/24
KH0058,"AS047, HP035","Museo Nacional de Arqueología, Antropología e Historia del Perú",Lima,Peru,"MNAAHP1748, 3882",,2/12/24
KH0059,AS048,Museo Amano,Lima,Peru,R2700,,2/12/24
KH0060,"AS049, UR1049",Museo Amano,Lima,Peru,R2699,,2/12/24
KH0061,AS050,Ana Maria Soldi,Lima,Peru,1,,2/12/24
KH0062,"AS051, UR1051","Museo Nacional de Arqueología, Antropología e Historia del Perú",Lima,Peru,5,,2/12/24
KH0063,"AS052, UR1052",Museo Regional de Ica Adolfo Bermúdez Jenkins,Ica,Peru,6,,2/12/24
KH0064,"AS053, UR1053",Museo Regional de Ica Adolfo Bermúdez Jenkins,Ica,Peru,2,,2/12/24
KH0065,AS054,Museo Regional de Ica Adolfo Bermúdez Jenkins,Ica,Peru,3,,2/12/24
KH0066,AS055,Museo Regional de Ica Adolfo Bermúdez Jenkins,Ica,Peru,4A,,2/12/24
KH0067,"AS056, UR163",Museo Regional de Ica Adolfo Bermúdez Jenkins,Ica,Peru,4B,,2/12/24
KH0068,"AS057, UR1057",Museo Regional de Ica Adolfo Bermúdez Jenkins,Ica,Peru,7,,2/12/24
KH0069,"AS058, UR1058",Museo Regional de Ica Adolfo Bermúdez Jenkins,Ica,Peru,1,,2/12/24
KH0070,AS059,Óscar Núñez del Prado,Cuzco,Peru,5B,,2/12/24
KH0071,AS060,Óscar Núñez del Prado,Cuzco,Peru,6B,,2/12/24
KH0072,AS061/MA036,Óscar Núñez del Prado,Cuzco,Peru,8B,,2/12/24
KH0073,AS062,Óscar Núñez del Prado,Cuzco,Peru,4B,,2/12/24
KH0074,AS063(A),Óscar Núñez del Prado,Cuzco,Peru,7B,"Two khipus tied together. Split into AS063 and AS063B in the OKR, though initially recorded  by the Aschers only as AS063.",2/12/24
KH0075,AS063B,Óscar Núñez del Prado,Cuzco,Peru,7B,,2/12/24
KH0076,AS064,Óscar Núñez del Prado,Cuzco,Peru,3B,,2/12/24
KH0077,AS065(A),Óscar Núñez del Prado,Cuzco,Peru,11B,"Two khipu fragments associated with each other by the Aschers. Split into AS065 and AS065B  in the OKR, though initially recorded by the Aschers only as AS065.",2/12/24
KH0078,AS065B,Óscar Núñez del Prado,Cuzco,Peru,10B,,2/12/24
KH0079,AS066,Óscar Núñez del Prado,Cuzco,Peru,2a,,2/12/24
KH0080,AS067/MA029,Óscar Núñez del Prado,Cuzco,Peru,1,"This khipu is duplicated in the OKR as “AS067/MA029” (KHIPU_ID 1000371) and  “AS067/MA29” (KHIPU_ID 1000364). The former, which is the most recent, complete version  of the record, is retained.",2/12/24
KH0081,"AS068, UR281","Museo Nacional de Arqueología, Antropología e Historia del Perú",Lima,Peru,"1745, 3882",,2/12/24
KH0082,AS069,Percy Dauelsberg,Arica,Chile,4,,2/12/24
KH0083,"AS070, UR035",Percy Dauelsberg,Arica,Chile,1; 780 at Museo Chileno de Arte Precolombino,,2/12/24
KH0084,AS071,Percy Dauelsberg,Arica,Chile,3,,2/12/24
KH0085,AS072,Rancho San Juan,Ica,Peru,n/a,"The Aschers did not note any museum or collection info in the khipu-specific databook entries  for AS072 and AS073, though the introductory pages to the databooks list the provenance for these  specimens as Rancho San Juan, Ica Valley.",2/12/24
KH0086,AS073,Rancho San Juan,Ica,Peru,n/a,,2/12/24
KH0087,AS074,Musée du quai Branly - Jacques Chirac,Paris,France,71.1964.19.1.7,,2/12/24
KH0088,AS075,Musée du quai Branly - Jacques Chirac,Paris,France,71.1964.19.1.5,,2/12/24
KH0089,AS076,Musée du quai Branly - Jacques Chirac,Paris,France,64.19.1.4,,2/12/24
KH0090,AS077,Musée du quai Branly - Jacques Chirac,Paris,France,64.19.1.3,,2/12/24
KH0091,AS078,Musée du quai Branly - Jacques Chirac,Paris,France,64.19.1.2,,2/12/24
KH0092,AS079,Musée du quai Branly - Jacques Chirac,Paris,France,64.19.1.6,,2/12/24
KH0093,AS080,Musée du quai Branly - Jacques Chirac,Paris,France,64.19.1.8,,2/12/24
KH0094,AS081,Musée du quai Branly - Jacques Chirac,Paris,France,64.19.2,,2/12/24
KH0095,AS082,Musée du quai Branly - Jacques Chirac,Paris,France,64.19.3,,2/12/24
KH0096,AS083,Musée du quai Branly - Jacques Chirac,Paris,France,64.19.7,,2/12/24
KH0097,"AS084, UR1084",Musée du quai Branly - Jacques Chirac,Paris,France,71.1930.19.470,,2/12/24
KH0098,AS085,Musée d’ethnographie de Genève,Geneva,Switzerland,9570,,2/12/24
KH0099,AS086,Museum der Kulturen,Basel,Switzerland,IVc.2821.b,,2/12/24
KH0100,"AS087/N03, UR1087",Museum Fünf Kontinente,Munich,Germany,G3304,,2/12/24
KH0101,"AS088/N06, UR1088",Museum Fünf Kontinente,Munich,Germany,G3297,,2/12/24
KH0102,AS089,Museum Fünf Kontinente,Munich,Germany,G3301,,2/12/24
KH0103,AS090/N02,Museum Fünf Kontinente,Munich,Germany,G3319,,2/12/24
KH0104,"AS091, UR1091",Museum Fünf Kontinente,Munich,Germany,26T580,,2/12/24
KH0105,AS092,Museum Fünf Kontinente,Munich,Germany,G3306,,2/12/24
KH0106,AS093,Museum Fünf Kontinente,Munich,Germany,G3305A,,2/12/24
KH0107,AS094,Museum Fünf Kontinente,Munich,Germany,G3305B,,2/12/24
KH0108,"AS095/N04, UR1095",Museum Fünf Kontinente,Munich,Germany,G3299,,2/12/24
KH0109,"AS096, UR1096",Museum Fünf Kontinente,Munich,Germany,G3300,,2/12/24
KH0110,"AS097, UR1097",Ethnologisches Museum,Berlin,Germany,VA42553,,2/12/24
KH0111,"AS098, UR1098",Ethnologisches Museum,Berlin,Germany,VA16136,,2/12/24
KH0112,"AS099, UR1099",Ethnologisches Museum,Berlin,Germany,VA42526,,2/12/24
KH0113,"AS100, UR1100",Ethnologisches Museum,Berlin,Germany,VA47070,,2/12/24
KH0114,AS101 - Part 1,Ethnologisches Museum,Berlin,Germany,VA42528,,2/12/24
KH0115,AS101 - Part 2,Ethnologisches Museum,Berlin,Germany,VA42528,,2/12/24
KH0116,"AS102, UR1102",Ethnologisches Museum,Berlin,Germany,VA42613,,2/12/24
KH0117,"AS103/N12, UR1103",Ethnologisches Museum,Berlin,Germany,VA47078,,2/12/24
KH0118,"AS104/N11, 
UR1104, UR224",Ethnologisches Museum,Berlin,Germany,VA42527,,2/12/24
KH0119,"AS105/N16, UR1105",Ethnologisches Museum,Berlin,Germany,VA47097,,2/12/24
KH0120,"AS106, UR1106",Ethnologisches Museum,Berlin,Germany,VA24370(A),"Added parentheses to (A) and (B) in accession number, since these are not used in the  Ethnologisches Museum catalog; they were subsequently imposed by khipu researchers.",2/12/24
KH0121,"AS107, UR1107",Ethnologisches Museum,Berlin,Germany,VA24370(B),,2/12/24
KH0122,"AS108, UR1108",Ethnologisches Museum,Berlin,Germany,VA16143,,2/12/24
KH0123,"AS109, UR1109",Ethnologisches Museum,Berlin,Germany,VA47069,,2/12/24
KH0124,AS110,Ethnologisches Museum,Berlin,Germany,VA42605A,,2/12/24
KH0125,AS111,Ethnologisches Museum,Berlin,Germany,VA42605B,,2/12/24
KH0126,AS112,Ethnologisches Museum,Berlin,Germany,VA39385,,2/12/24
KH0127,"AS113, UR1113",Ethnologisches Museum,Berlin,Germany,VA16140,,2/12/24
KH0128,"AS114, UR1114",Ethnologisches Museum,Berlin,Germany,VA16148,,2/12/24
KH0129,AS115,Ethnologisches Museum,Berlin,Germany,VA47089,,2/12/24
KH0130,"AS116, UR1116",Ethnologisches Museum,Berlin,Germany,VA47125,,2/12/24
KH0131,"AS117, UR1117",Ethnologisches Museum,Berlin,Germany,VA47118,,2/12/24
KH0132,"AS118, UR1118",Ethnologisches Museum,Berlin,Germany,VA42601,,2/12/24
KH0133,"AS119, UR1119",Ethnologisches Museum,Berlin,Germany,VA42545,,2/12/24
KH0134,"AS120, UR1120",Ethnologisches Museum,Berlin,Germany,VA47083,,2/12/24
KH0135,"AS121, UR1121",Ethnologisches Museum,Berlin,Germany,VA42538,,2/12/24
KH0136,AS122,Ethnologisches Museum,Berlin,Germany,VA11639,,2/12/24
KH0137,"AS123, UR1123",Ethnologisches Museum,Berlin,Germany,VA47085,,2/12/24
KH0138,"AS124, UR1124",Ethnologisches Museum,Berlin,Germany,VA24371,,2/12/24
KH0139,"AS124 Detail 1, 
UR1124 Detail 1",Ethnologisches Museum,Berlin,Germany,VA24371,,2/12/24
KH0140,AS125,Ethnologisches Museum,Berlin,Germany,VA42670,This khipus is a duplicate of KH0483.,2/12/24
KH0141,"AS126, UR1126",Ethnologisches Museum,Berlin,Germany,VA47095,,2/12/24
KH0142,"AS127, UR1127",Ethnologisches Museum,Berlin,Germany,VA63042(A),"Added parentheses to (A) and (B) in accession number, since these are not used in the  Ethnologisches Museum catalog; they were subsequently imposed by khipu researchers.",2/12/24
KH0143,AS128,Ethnologisches Museum,Berlin,Germany,VA63042(B),,2/12/24
KH0144,AS129,Ethnologisches Museum,Berlin,Germany,VA77098,,2/12/24
KH0145,"AS130, UR1130",Ethnologisches Museum,Berlin,Germany,VA37865,,2/12/24
KH0146,AS130B,Ethnologisches Museum,Berlin,Germany,VA37857,This record pertains to an additional khipu described by the Aschers in their notes on AS130.  It was originally entered into the OKR as AS130B.,2/12/24
KH0147,"AS131, UR1131",Ethnologisches Museum,Berlin,Germany,VA42510,,2/12/24
KH0148,AS132,Ethnologisches Museum,Berlin,Germany,VA24369B,,2/12/24
KH0149,AS133,Ethnologisches Museum,Berlin,Germany,VA24369A,,2/12/24
KH0150,AS134,Ethnologisches Museum,Berlin,Germany,VA42581,,2/12/24
KH0151,"AS135, UR1135",Ethnologisches Museum,Berlin,Germany,VA47115,,2/12/24
KH0152,"AS136, UR1136",Ethnologisches Museum,Berlin,Germany,VA16635,,2/12/24
KH0153,AS137,Ethnologisches Museum,Berlin,Germany,VA24939,,2/12/24
KH0154,"AS138, UR1138",Ethnologisches Museum,Berlin,Germany,VA47121,,2/12/24
KH0155,AS139,Ethnologisches Museum,Berlin,Germany,VA42598,,2/12/24
KH0156,"AS140/N09, UR1140",Ethnologisches Museum,Berlin,Germany,VA16636,,2/12/24
KH0157,"AS141, UR1141",Ethnologisches Museum,Berlin,Germany,VA47124B,,2/12/24
KH0158,AS142,Ethnologisches Museum,Berlin,Germany,VA47124A,,2/12/24
KH0159,"AS143, UR1143",Ethnologisches Museum,Berlin,Germany,VA47096,,2/12/24
KH0160,"AS144, UR1144",Ethnologisches Museum,Berlin,Germany,VA42564,,2/12/24
KH0161,"AS145, UR1145",Ethnologisches Museum,Berlin,Germany,VA42533,,2/12/24
KH0162,"AS146/N10, UR1146",Ethnologisches Museum,Berlin,Germany,VA47081,,2/12/24
KH0163,"AS147, UR1147",Ethnologisches Museum,Berlin,Germany,VA44866C,,2/12/24
KH0164,"AS148, UR1148",Ethnologisches Museum,Berlin,Germany,VA44866B,,2/12/24
KH0165,"AS149, UR1149",Ethnologisches Museum,Berlin,Germany,VA44866A,,2/12/24
KH0166,"AS150, UR1150",Ethnologisches Museum,Berlin,Germany,VA47109,,2/12/24
KH0167,"AS151, UR1151",Ethnologisches Museum,Berlin,Germany,VA42514,,2/12/24
KH0168,"AS152, UR1152",Ethnologisches Museum,Berlin,Germany,VA47076,,2/12/24
KH0169,AS153,Ethnologisches Museum,Berlin,Germany,VA66831,,2/12/24
KH0170,"AS154, UR1154",Ethnologisches Museum,Berlin,Germany,VA37867A,,2/12/24
KH0171,AS155,Ethnologisches Museum,Berlin,Germany,VA37867B,,2/12/24
KH0172,AS156,Ethnologisches Museum,Berlin,Germany,VA42535,,2/12/24
KH0173,AS157,Ethnologisches Museum,Berlin,Germany,VA42550,,2/12/24
KH0174,AS158,Ethnologisches Museum,Berlin,Germany,VA42599,,2/12/24
KH0175,AS159,Ethnologisches Museum,Berlin,Germany,VA16138B,,2/12/24
KH0176,AS160,Ethnologisches Museum,Berlin,Germany,VA16138C,,2/12/24
KH0177,"AS161, UR1161",Ethnologisches Museum,Berlin,Germany,VA47106C,,2/12/24
KH0178,"AS162(A), UR1162A",Ethnologisches Museum,Berlin,Germany,VA47106B,"Two primary cords looped through each other. Split into AS162A and AS162B in the OKR,  though initially recorded by the Aschers only as AS162.",2/12/24
KH0179,"AS162(B), UR1162B",Ethnologisches Museum,Berlin,Germany,VA47106A,,2/12/24
KH0180,"AS163, UR1163",Ethnologisches Museum,Berlin,Germany,VA42587,,2/12/24
KH0181,AS164,Ethnologisches Museum,Berlin,Germany,VA47113,,2/12/24
KH0182,"AS165, UR1165",Ethnologisches Museum,Berlin,Germany,VA42563,,2/12/24
KH0183,"AS166, UR1166",Ethnologisches Museum,Berlin,Germany,VA47079,,2/12/24
KH0184,"AS167/N15, UR1167",Ethnologisches Museum,Berlin,Germany,VA42584,,2/12/24
KH0185,AS168,Ethnologisches Museum,Berlin,Germany,VA66813,,2/12/24
KH0186,AS169,Ethnologisches Museum,Berlin,Germany,VA66814B,,2/12/24
KH0187,AS170,Ethnologisches Museum,Berlin,Germany,VA42554,,2/12/24
KH0188,AS171,Ethnologisches Museum,Berlin,Germany,VA47105,,2/12/24
KH0189,AS172,Ethnologisches Museum,Berlin,Germany,VA42560,,2/12/24
KH0190,AS173,Ethnologisches Museum,Berlin,Germany,VA16145(B),"Added parentheses to (B) and (C) in accession number, since these are not used in the Ethnologisches Museum catalog; they were subsequently imposed by khipu researchers.",2/12/24
KH0191,AS174,Ethnologisches Museum,Berlin,Germany,VA16145(C),,2/12/24
KH0192,"AS175, UR1175",Ethnologisches Museum,Berlin,Germany,VA42518,,2/12/24
KH0193,"AS176, UR1176",Ethnologisches Museum,Berlin,Germany,VA63043,,2/12/24
KH0194,AS177,Ethnologisches Museum,Berlin,Germany,VA37859(A),"Added parentheses to (A) and (B) in accession number, since these are not used in the Ethnologisches Museum catalog; they were subsequently imposed by khipu researchers.",2/12/24
KH0195,AS178,Ethnologisches Museum,Berlin,Germany,VA37859(B),,2/12/24
KH0196,"AS179, UR1179",Ethnologisches Museum,Berlin,Germany,VA47123,,2/12/24
KH0197,"AS180, UR1180",Ethnologisches Museum,Berlin,Germany,VA47126,,2/12/24
KH0198,"AS181, UR236",Ethnologisches Museum,Berlin,Germany,VA66832,Added museum accession number (previously N/A) from duplicate (UR236) entered into OKR.,2/12/24
KH0199,AS182(A),Ethnologisches Museum,Berlin,Germany,VA66840A,"Split into AS182 and AS182B in OKR, though recorded by the Aschers only as AS182 (the  “B” khipu is actually a cord with 22 single knots that is attached to the broader grouping of five  khipus tied together, among which is AS182).",2/12/24
KH0200,AS182B,Ethnologisches Museum,Berlin,Germany,n/a,,2/12/24
KH0201,AS183,Ethnologisches Museum,Berlin,Germany,VA66840A,,2/12/24
KH0202,AS184,Ethnologisches Museum,Berlin,Germany,VA66840A,,2/12/24
KH0203,AS185,Ethnologisches Museum,Berlin,Germany,VA66840A,,2/12/24
KH0204,AS186,Ethnologisches Museum,Berlin,Germany,VA66840A,,2/12/24
KH0205,AS187,Ethnologisches Museum,Berlin,Germany,VA43333C,,2/12/24
KH0206,AS188,Ethnologisches Museum,Berlin,Germany,VA43333B,,2/12/24
KH0207,AS189,Ethnologisches Museum,Berlin,Germany,VA43334,,2/12/24
KH0208,AS190,American Museum of Natural History,"New York, NY",USA,41.2/6714,,2/12/24
KH0209,AS191,American Museum of Natural History,"New York, NY",USA,41.2/6698,,2/12/24
KH0210,AS192,American Museum of Natural History,"New York, NY",USA,41.2/6701,,2/12/24
KH0211,AS193,American Museum of Natural History,"New York, NY",USA,41.2/6700,,2/12/24
KH0212,AS194,American Museum of Natural History,"New York, NY",USA,41.2/6702,,2/12/24
KH0213,AS195,American Museum of Natural History,"New York, NY",USA,41.2/6703,,2/12/24
KH0214,AS196,American Museum of Natural History,"New York, NY",USA,41.2/6697,,2/12/24
KH0215,AS197,American Museum of Natural History,"New York, NY",USA,41.2/6997,,2/12/24
KH0216,AS198,American Museum of Natural History,"New York, NY",USA,41.2/5786,,2/12/24
KH0217,AS199,American Museum of Natural History,"New York, NY",USA,41.0/7305A,,2/12/24
KH0218,AS200,American Museum of Natural History,"New York, NY",USA,41.2/5784,,2/12/24
KH0219,AS201,Phoebe A. Hearst Museum of Anthropology,"Berkeley, CA",USA,TK 4/5419B,,2/12/24
KH0220,AS202,Phoebe A. Hearst Museum of Anthropology,"Berkeley, CA",USA,TK 4/5419A,,2/12/24
KH0221,AS203,Phoebe A. Hearst Museum of Anthropology,"Berkeley, CA",USA,TK 4/5419C,,2/12/24
KH0222,AS204,Phoebe A. Hearst Museum of Anthropology,"Berkeley, CA",USA,TK 4/5418,,2/12/24
KH0223,AS205,Phoebe A. Hearst Museum of Anthropology,"Berkeley, CA",USA,TM 4/5446B,,2/12/24
KH0224,AS206,"Fowler Museum, UCLA","Los Angeles, CA",USA,n/a,,2/12/24
KH0225,AS207A,Museum of Science,"Buffalo, NY",USA,C14459,,2/12/24
KH0226,AS207B,Museum of Science,"Buffalo, NY",USA,C14459,,2/12/24
KH0227,AS207C,Museum of Science,"Buffalo, NY",USA,C14459,,2/12/24
KH0228,"AS208, UR083",Weltmuseum Wien,Vienna,Austria,"IX/1961, 140708",,2/12/24
KH0229,AS209,Royal Ontario Museum,"Toronto, Ontario",Canada,HP519,,2/12/24
KH0230,AS210,Field Museum,"Chicago, IL",USA,111407,,2/12/24
KH0231,AS211,Náprstek Museum,Prague,Czech Republic,45.698,,2/12/24
KH0232,AS212,Joslyn Art Museum,"Omaha, NE",USA,1958-57,,2/12/24
KH0233,AS213,Leo J. Harris,"St. Paul, MN",USA,1,,2/12/24
KH0234,AS214,Hood Museum of Art,"Hanover, NH",USA,43-4-8575,,2/12/24
KH0235,AS215,Hood Museum of Art,"Hanover, NH",USA,55-32-13302,"Split into AS215 and AS215F in OKR, though recorded by the Aschers only as AS215. The  khipu is associated with two fragmentary pendant cords with subsidiaries; it is unclear if they are  attached to a primary cord. The Aschers believed the fragments were associated but not from khipu  AS215, originally recording them as F1 and F2.",2/12/24
KH0236,AS215F,Hood Museum of Art,"Hanover, NH",USA,55-32-13302,,2/12/24
KH0237,UR001,"Centro Mallqui, Museo Leymebamba",Leymebamba,Peru,"INC/LDC 108, LC1947.TEQ",,2/12/24
KH0238,UR002,"Centro Mallqui, Museo Leymebamba",Leymebamba,Peru,"CMA-628/
LC1 257B TEQ",,2/12/24
KH0239,UR003,"Centro Mallqui, Museo Leymebamba",Leymebamba,Peru,"CMA-419/
LC1-048 TEQ",,2/12/24
KH0240,UR004,"Centro Mallqui, Museo Leymebamba",Leymebamba,Peru,CMA 847-LC1.476 TEQ,,2/12/24
KH0241,UR005,"Centro Mallqui, Museo Leymebamba",Leymebamba,Peru,"CMA 480/
LC1-109.2",,2/12/24
KH0242,UR006,"Centro Mallqui, Museo Leymebamba",Leymebamba,Peru,"CMA.625/
LC1-254",,2/12/24
KH0243,UR007,"Centro Mallqui, Museo Leymebamba",Leymebamba,Peru,"CMA 480/
LC1-109.4",,2/12/24
KH0244,UR008,"Centro Mallqui, Museo Leymebamba",Leymebamba,Peru,"CMA-480/
LC1-109.5",,2/12/24
KH0245,UR009,"Centro Mallqui, Museo Leymebamba",Leymebamba,Peru,"CMA 850/
LC1-479",,2/12/24
KH0246,UR010,"Centro Mallqui, Museo Leymebamba",Leymebamba,Peru,"CMA-480/
LC1-109.1",,2/12/24
KH0247,UR011,"Centro Mallqui, Museo Leymebamba",Leymebamba,Peru,"CMA-628/
LC1-257A",,2/12/24
KH0248,UR012,"Centro Mallqui, Museo Leymebamba",Leymebamba,Peru,"CMA-628/
LC1-257C",,2/12/24
KH0249,UR013,"Centro Mallqui, Museo Leymebamba",Leymebamba,Peru,"CMA-628/
LC1-257D",,2/12/24
KH0250,UR014,"Centro Mallqui, Museo Leymebamba",Leymebamba,Peru,"CMA-628/
LC1-257E",,2/12/24
KH0251,UR015,"Centro Mallqui, Museo Leymebamba",Leymebamba,Peru,"CMA-628/
LC1-257F",,2/12/24
KH0252,UR016,"Centro Mallqui, Museo Leymebamba",Leymebamba,Peru,"CMA-373/
LC2-002",,2/12/24
KH0253,UR017,"Centro Mallqui, Museo Leymebamba",Leymebamba,Peru,"CMA 480/
LC1-109A",,2/12/24
KH0254,UR018,"Centro Mallqui, Museo Leymebamba",Leymebamba,Peru,"CMA-480/
LC1-109B",,2/12/24
KH0255,UR019,"Centro Mallqui, Museo Leymebamba",Leymebamba,Peru,"CMA-480/
LC1-109.3",,2/12/24
KH0256,UR020,"Centro Mallqui, Museo Leymebamba",Leymebamba,Peru,"CMA-480/
LC1-109.6",,2/12/24
KH0257,UR021,"Centro Mallqui, Museo Leymebamba",Leymebamba,Peru,INC-498,,2/12/24
KH0258,UR022,"Centro Mallqui, Museo Leymebamba",Leymebamba,Peru,INC-109,,2/12/24
KH0259,UR023,Museum Fünf Kontinente,Munich,Germany,n/a (F),"UR023, UR024, UR027, UR028, UR029, and UR057 are six khipus tied together. N/As are  used here for their accession numbers because the original OKR listing uses “s/n” followed by the  letters A through G. Presumably the original researcher assigned individual identifiers to khipus  that were otherwise sin números (without numbers).",2/12/24
KH0260,UR024,Museum Fünf Kontinente,Munich,Germany,n/a (E),,2/12/24
KH0261,UR026,Museum Fünf Kontinente,Munich,Germany,G.3320,,2/12/24
KH0262,UR027,Museum Fünf Kontinente,Munich,Germany,n/a (B),,2/12/24
KH0263,UR028,Museum Fünf Kontinente,Munich,Germany,n/a (C),,2/12/24
KH0264,UR029,Museum Fünf Kontinente,Munich,Germany,n/a (D),,2/12/24
KH0265,UR032,Phoebe Hearst Museum of Anthropology,"Berkeley, CA",USA,TM 4/5446,The accession numbers for UR032 and UR033 appear to be entered incorrectly in the OKR;  corrected to TM 4/5446 from TX 4/5446 following confirmation in Hearst Museum online  database.,2/12/24
KH0266,UR033,Phoebe Hearst Museum of Anthropology,"Berkeley, CA",USA,TM 4/5446,,2/12/24
KH0267,UR034,Museo de la Nación,Lima,Peru,T5730 / 26865,,2/12/24
KH0268,"UR036, UR133",Museo Chileno de Arte Precolombino,Santiago,Chile,CMBE 901/PE-16,,2/12/24
KH0269,UR037,Museo Amano,Lima,Peru,R4248,,2/12/24
KH0270,UR038,Museo Amano,Lima,Peru,n/a,,2/12/24
KH0271,UR039,Universidad de San Martín de Porres,Lima,Peru,n/a,,2/12/24
KH0272,UR040,Peabody Museum of Archaeology and Ethnology,"Cambridge, MA",USA,32.30.30/54,,2/12/24
KH0273,UR041,Peabody Museum of Archaeology and Ethnology,"Cambridge, MA",USA,32.30.30/55,,2/12/24
KH0274,UR042,Peabody Museum of Archaeology and Ethnology,"Cambridge, MA",USA,32.30.30/53(A),"Added (A) to museum accession number, since this is not used in the Peabody Museum catalog  (it was subsequently applied by a researcher).",2/12/24
KH0275,UR045,Museo Larco,Lima,Peru,1,,2/12/24
KH0276,UR046,Museo Larco,Lima,Peru,2,,2/12/24
KH0277,UR047,Museo Larco,Lima,Peru,3,,2/12/24
KH0278,UR048,Museo Larco,Lima,Peru,4,,2/12/24
KH0279,UR049,Museo Larco,Lima,Peru,5,,2/12/24
KH0280,UR050,Ana Maria Soldi,Lima,Peru,n/a,,2/12/24
KH0281,UR051,Banco Central de Reserva del Perú,Lima,Peru,ATE 3567,,2/12/24
KH0282,UR052,Banco Central de Reserva del Perú,Lima,Peru,25868,,2/12/24
KH0283,UR053A,Banco Central de Reserva del Perú,Lima,Peru,ATE 3517,,2/12/24
KH0284,UR053B,Banco Central de Reserva del Perú,Lima,Peru,ATE 3517,,2/12/24
KH0285,UR053C,Banco Central de Reserva del Perú,Lima,Peru,ATE 3517,,2/12/24
KH0286,UR053D,Banco Central de Reserva del Perú,Lima,Peru,ATE 3517,,2/12/24
KH0287,UR053E,Banco Central de Reserva del Perú,Lima,Peru,ATE 3517,,2/12/24
KH0288,UR054,Ana Maria Soldi,Lima,Peru,n/a,,2/12/24
KH0289,UR055,Museo Oro del Perú y Armas del Mundo,Lima,Peru,4117-789-1014 203/INC-88,,2/12/24
KH0290,UR056A,Rijksmuseum voor Volkenkunde,Leiden,Netherlands,527412,,2/12/24
KH0291,UR056B,Rijksmuseum voor Volkenkunde,Leiden,Netherlands,527412,,2/12/24
KH0292,UR056C,Rijksmuseum voor Volkenkunde,Leiden,Netherlands,527412,,2/12/24
KH0293,UR057,Museum Fünf Kontinente,Munich,Germany,n/a (G),,2/12/24
KH0294,UR058A,Museo Arqueológico San Miguel de Azapa,Arica,Chile,23284 (A),,2/12/24
KH0295,UR058B,Museo Arqueológico San Miguel de Azapa,Arica,Chile,23284 (B),,2/12/24
KH0296,UR059,Lowe Art Museum,"Miami, FL",USA,91-0361,,2/12/24
KH0297,UR060,Museo de Sitio Arturo Jiménez Borja – Puruchuco,Lima,Peru,1 Tex 641 Rt 639,,2/12/24
KH0298,UR061,Museo de Sitio Arturo Jiménez Borja – Puruchuco,Lima,Peru,1c Tex 641 Rt 639,,2/12/24
KH0299,UR062,Museo de Sitio Arturo Jiménez Borja – Puruchuco,Lima,Peru,20,,2/12/24
KH0300,UR063,Museo de Sitio Arturo Jiménez Borja – Puruchuco,Lima,Peru,n/a,,2/12/24
KH0301,UR064,Museo de Sitio Arturo Jiménez Borja – Puruchuco,Lima,Peru,3 Tex 641 Rt 639,,2/12/24
KH0302,UR065,Museo de Sitio Arturo Jiménez Borja – Puruchuco,Lima,Peru,3c Tex 639 Rt 637,,2/12/24
KH0303,UR066,Museo de Sitio Arturo Jiménez Borja – Puruchuco,Lima,Peru,4a,,2/12/24
KH0304,UR067,Museo de Sitio Arturo Jiménez Borja – Puruchuco,Lima,Peru,n/a,,2/12/24
KH0305,UR068,Museo de Sitio Arturo Jiménez Borja – Puruchuco,Lima,Peru,2,,2/12/24
KH0306,UR069,Museo de Sitio Arturo Jiménez Borja – Puruchuco,Lima,Peru,n/a,,2/12/24
KH0307,UR070,Museo de Sitio Arturo Jiménez Borja – Puruchuco,Lima,Peru,6 Tex 641 Rt 639,,2/12/24
KH0308,UR071,Museo de Sitio Arturo Jiménez Borja – Puruchuco,Lima,Peru,7 Tex 641 Rt 639,,2/12/24
KH0309,UR072,Museo de Sitio Arturo Jiménez Borja – Puruchuco,Lima,Peru,18 Tex 641 Rt 639,,2/12/24
KH0310,UR073,Museo de Sitio Arturo Jiménez Borja – Puruchuco,Lima,Peru,Tex 0637 Rt 0635/28,,2/12/24
KH0311,UR074,Museo de Sitio Arturo Jiménez Borja – Puruchuco,Lima,Peru,10 Tex 641 Rt 639,,2/12/24
KH0312,UR075,Museo de Sitio Arturo Jiménez Borja – Puruchuco,Lima,Peru,19,,2/12/24
KH0313,UR076,Museo de Sitio Arturo Jiménez Borja – Puruchuco,Lima,Peru,21,,2/12/24
KH0314,UR077,Museo de Sitio Arturo Jiménez Borja – Puruchuco,Lima,Peru,4c,,2/12/24
KH0315,UR078,Museo de Sitio Arturo Jiménez Borja – Puruchuco,Lima,Peru,25,,2/12/24
KH0316,UR079,Museo de Sitio Arturo Jiménez Borja – Puruchuco,Lima,Peru,22,,2/12/24
KH0317,UR080,Museo de Sitio Arturo Jiménez Borja – Puruchuco,Lima,Peru,23,,2/12/24
KH0318,UR081,Museo de Sitio Arturo Jiménez Borja – Puruchuco,Lima,Peru,26,,2/12/24
KH0319,UR082,Museo de Sitio Arturo Jiménez Borja – Puruchuco,Lima,Peru,17,,2/12/24
KH0320,UR084,Museo Chileno de Arte Precolombino,Santiago,Chile,CMBE 0904,,2/12/24
KH0321,UR085,Biblioteca Museo Temple Radicati,Lima,Peru,n/a,,2/12/24
KH0322,UR086,Biblioteca Museo Temple Radicati,Lima,Peru,12,,2/12/24
KH0323,UR087,Biblioteca Museo Temple Radicati,Lima,Peru,6,,2/12/24
KH0324,UR088,Biblioteca Museo Temple Radicati,Lima,Peru,1,,2/12/24
KH0325,UR089,Biblioteca Museo Temple Radicati,Lima,Peru,5,,2/12/24
KH0326,UR090,Biblioteca Museo Temple Radicati,Lima,Peru,3,,2/12/24
KH0327,UR091,Biblioteca Museo Temple Radicati,Lima,Peru,2,,2/12/24
KH0328,UR092,Biblioteca Museo Temple Radicati,Lima,Peru,4,,2/12/24
KH0329,UR093,Biblioteca Museo Temple Radicati,Lima,Peru,n/a,,2/12/24
KH0330,UR094,Biblioteca Museo Temple Radicati,Lima,Peru,13,,2/12/24
KH0331,UR095,Biblioteca Museo Temple Radicati,Lima,Peru,21,,2/12/24
KH0332,UR096,Biblioteca Museo Temple Radicati,Lima,Peru,11,,2/12/24
KH0333,UR097,Biblioteca Museo Temple Radicati,Lima,Peru,9,,2/12/24
KH0334,UR098,Biblioteca Museo Temple Radicati,Lima,Peru,16,,2/12/24
KH0335,UR099,Biblioteca Museo Temple Radicati,Lima,Peru,17,,2/12/24
KH0336,UR100,Biblioteca Museo Temple Radicati,Lima,Peru,18,,2/12/24
KH0337,UR101,Biblioteca Museo Temple Radicati,Lima,Peru,19,,2/12/24
KH0338,UR102,Biblioteca Museo Temple Radicati,Lima,Peru,7,,2/12/24
KH0339,UR103,Biblioteca Museo Temple Radicati,Lima,Peru,8,,2/12/24
KH0340,UR104,Biblioteca Museo Temple Radicati,Lima,Peru,9a,,2/12/24
KH0341,UR105,Biblioteca Museo Temple Radicati,Lima,Peru,22,,2/12/24
KH0342,UR106,Biblioteca Museo Temple Radicati,Lima,Peru,20,,2/12/24
KH0343,UR107,Biblioteca Museo Temple Radicati,Lima,Peru,15,,2/12/24
KH0344,UR108,Biblioteca Museo Temple Radicati,Lima,Peru,23,,2/12/24
KH0345,UR109,Biblioteca Museo Temple Radicati,Lima,Peru,14,,2/12/24
KH0346,UR110,Biblioteca Museo Temple Radicati,Lima,Peru,n/a,,2/12/24
KH0347,UR111,Biblioteca Museo Temple Radicati,Lima,Peru,10,,2/12/24
KH0348,UR112,Biblioteca Museo Temple Radicati,Lima,Peru,n/a,,2/12/24
KH0349,UR113,Världskulturmuseet,Gothenburg,Sweden,1924.18.0001,Incorrect accession number in OKR; corrected to 1924.18.0001.,2/12/24
KH0350,UR114,Världskulturmuseet,Gothenburg,Sweden,1931.37.0001,Incorrect accession number in OKR; corrected to 1931.37.0001.,2/12/24
KH0351,"UR115, UR126",Världskulturmuseet,Gothenburg,Sweden,16.9.57,,2/12/24
KH0352,UR116A,Världskulturmuseet,Gothenburg,Sweden,1929.26.0157a-b,,2/12/24
KH0353,UR116B,Världskulturmuseet,Gothenburg,Sweden,1929.26.0157a-b,,2/12/24
KH0354,UR117A,Världskulturmuseet,Gothenburg,Sweden,32.7.3,,2/12/24
KH0355,UR117B,Världskulturmuseet,Gothenburg,Sweden,32.7.3,,2/12/24
KH0356,UR117C,Världskulturmuseet,Gothenburg,Sweden,32.7.3,,2/12/24
KH0357,UR117D,Världskulturmuseet,Gothenburg,Sweden,32.7.3,,2/12/24
KH0358,UR118,Världskulturmuseet,Gothenburg,Sweden,31.37.2.b,,2/12/24
KH0359,UR119,Världskulturmuseet,Gothenburg,Sweden,31.37.2.a,,2/12/24
KH0360,UR120,Världskulturmuseet,Gothenburg,Sweden,1938.45.0229,,2/12/24
KH0361,UR121,Världskulturmuseet,Gothenburg,Sweden,1938.45.231,,2/12/24
KH0362,UR122,Världskulturmuseet,Gothenburg,Sweden,1938.45.0228,,2/12/24
KH0363,UR123,Världskulturmuseet,Gothenburg,Sweden,16.9.56,,2/12/24
KH0364,UR124,Världskulturmuseet,Gothenburg,Sweden,16.9.58,,2/12/24
KH0365,UR125,Världskulturmuseet,Gothenburg,Sweden,31.37.2.c,,2/12/24
KH0366,UR127,Världskulturmuseet,Gothenburg,Sweden,30.2.16.a,,2/12/24
KH0367,UR128,Världskulturmuseet,Gothenburg,Sweden,30.2.16.c,,2/12/24
KH0368,UR129,Världskulturmuseet,Gothenburg,Sweden,30.2.16.e,,2/12/24
KH0369,UR130,Museo Chileno de Arte Precolombino,Santiago,Chile,916,,2/12/24
KH0370,UR131A,Museo Chileno de Arte Precolombino,Santiago,Chile,21163,,2/12/24
KH0371,UR131B,Museo Chileno de Arte Precolombino,Santiago,Chile,21163,,2/12/24
KH0372,UR131C,Museo Chileno de Arte Precolombino,Santiago,Chile,21163,,2/12/24
KH0373,UR132,Museo Chileno de Arte Precolombino,Santiago,Chile,CMBE 0910,,2/12/24
KH0374,UR134,Lowe Art Museum,"Miami, FL",USA,94.0064.04,,2/12/24
KH0375,UR135,Lowe Art Museum,"Miami, FL",USA,94.0064.36,,2/12/24
KH0376,UR136,Lowe Art Museum,"Miami, FL",USA,94.0064.173,,2/12/24
KH0377,UR137,Lowe Art Museum,"Miami, FL",USA,57.172.002,,2/12/24
KH0378,UR138,Lowe Art Museum,"Miami, FL",USA,61.071.000,,2/12/24
KH0379,UR139,Museo Regional de Ica Adolfo Bermúdez Jenkins,Ica,Peru,00250-02,,2/12/24
KH0380,UR140,Museo Regional de Ica Adolfo Bermúdez Jenkins,Ica,Peru,00270-02,,2/12/24
KH0381,UR141,Museo Regional de Ica Adolfo Bermúdez Jenkins,Ica,Peru,00254-02,,2/12/24
KH0382,UR142,Museo Regional de Ica Adolfo Bermúdez Jenkins,Ica,Peru,0249-02,,2/12/24
KH0383,UR143,Museo Regional de Ica Adolfo Bermúdez Jenkins,Ica,Peru,00252-02,,2/12/24
KH0384,UR144,Museo Regional de Ica Adolfo Bermúdez Jenkins,Ica,Peru,820,,2/12/24
KH0385,UR145,Museo Regional de Ica Adolfo Bermúdez Jenkins,Ica,Peru,04591-02,,2/12/24
KH0386,UR146,Museo Regional de Ica Adolfo Bermúdez Jenkins,Ica,Peru,04393-02,,2/12/24
KH0387,UR147,Museo Regional de Ica Adolfo Bermúdez Jenkins,Ica,Peru,04395-02,,2/12/24
KH0388,UR148,Museo Regional de Ica Adolfo Bermúdez Jenkins,Ica,Peru,03996-02,,2/12/24
KH0389,UR149,Museo Regional de Ica Adolfo Bermúdez Jenkins,Ica,Peru,00253-02,,2/12/24
KH0390,UR150,Museo Regional de Ica Adolfo Bermúdez Jenkins,Ica,Peru,04392-02,,2/12/24
KH0391,UR151,Museo Regional de Ica Adolfo Bermúdez Jenkins,Ica,Peru,01530-02,,2/12/24
KH0392,UR152,Museo Regional de Ica Adolfo Bermúdez Jenkins,Ica,Peru,04075-02,,2/12/24
KH0393,UR153,Museo Regional de Ica Adolfo Bermúdez Jenkins,Ica,Peru,04396-02,,2/12/24
KH0394,UR154,Museo Regional de Ica Adolfo Bermúdez Jenkins,Ica,Peru,03987-02,,2/12/24
KH0395,UR155,Museo Regional de Ica Adolfo Bermúdez Jenkins,Ica,Peru,03989-02,,2/12/24
KH0396,UR156,Museo Regional de Ica Adolfo Bermúdez Jenkins,Ica,Peru,TC-0142-02,,2/12/24
KH0397,UR157,Museo Regional de Ica Adolfo Bermúdez Jenkins,Ica,Peru,TC-0143-02,,2/12/24
KH0398,UR158,Museo Regional de Ica Adolfo Bermúdez Jenkins,Ica,Peru,TC-0141-02,,2/12/24
KH0399,UR159,Museo Regional de Ica Adolfo Bermúdez Jenkins,Ica,Peru,TC-0024-02,,2/12/24
KH0400,UR160,Museo Regional de Ica Adolfo Bermúdez Jenkins,Ica,Peru,04394-02,,2/12/24
KH0401,UR161,Museo Regional de Ica Adolfo Bermúdez Jenkins,Ica,Peru,03991-02,,2/12/24
KH0402,UR162,Museo Regional de Ica Adolfo Bermúdez Jenkins,Ica,Peru,03992-02,,2/12/24
KH0403,UR164,Museo Regional de Ica Adolfo Bermúdez Jenkins,Ica,Peru,03994-02,,2/12/24
KH0404,UR165,Museo de Sitio Arturo Jiménez Borja – Puruchuco,Lima,Peru,0638/SP642 Tex 0640 (R.M.RT0638),,2/12/24
KH0405,UR166,American Museum of Natural History,"New York, NY",USA,B/8713,,2/12/24
KH0406,UR167,American Museum of Natural History,"New York, NY",USA,"41.0/1550, B/3453A","UR167 is entered twice in KHIPU_MAIN (KHIPU_ID 1000474 and KHIPU_ID 1000484).  However, only KHIPU_ID 1000474 has cord and knot data associated with it, so it is retained as  the canonical record.",2/12/24
KH0407,UR168,American Museum of Natural History,"New York, NY",USA,41.0/1551,,2/12/24
KH0408,UR169,American Museum of Natural History,"New York, NY",USA,41.2/6995,,2/12/24
KH0409,UR170,American Museum of Natural History,"New York, NY",USA,41.2/6715,,2/12/24
KH0410,UR171,American Museum of Natural History,"New York, NY",USA,41.2/6712,,2/12/24
KH0411,UR172,American Museum of Natural History,"New York, NY",USA,41.2/6711,,2/12/24
KH0412,UR173,American Museum of Natural History,"New York, NY",USA,41.2/6699,,2/12/24
KH0413,UR174,American Museum of Natural History,"New York, NY",USA,41.2/6709,,2/12/24
KH0414,UR175,American Museum of Natural History,"New York, NY",USA,41.2/6710,,2/12/24
KH0415,UR177,American Museum of Natural History,"New York, NY",USA,B/8704,,2/12/24
KH0416,UR178,American Museum of Natural History,"New York, NY",USA,B/3453A,,2/12/24
KH0417,UR179,American Museum of Natural History,"New York, NY",USA,B/3453B,,2/12/24
KH0418,UR180,American Museum of Natural History,"New York, NY",USA,B/3453C,,2/12/24
KH0419,UR181,American Museum of Natural History,"New York, NY",USA,B/3453D,,2/12/24
KH0420,UR182,American Museum of Natural History,"New York, NY",USA,B/8714A,,2/12/24
KH0421,UR183,American Museum of Natural History,"New York, NY",USA,B/8709,,2/12/24
KH0422,UR184,American Museum of Natural History,"New York, NY",USA,41.2/5785,,2/12/24
KH0423,UR185,American Museum of Natural History,"New York, NY",USA,B/8711K,,2/12/24
KH0424,UR186,American Museum of Natural History,"New York, NY",USA,B/8707,,2/12/24
KH0425,UR187,American Museum of Natural History,"New York, NY",USA,41.2/6996A,,2/12/24
KH0426,UR188,Musée du quai Branly - Jacques Chirac,Paris,France,71.1930.19.483,,2/12/24
KH0427,UR189,Musée du quai Branly - Jacques Chirac,Paris,France,71.1878.3.61,,2/12/24
KH0428,UR190,Musée du quai Branly - Jacques Chirac,Paris,France,71.1887.9.14,,2/12/24
KH0429,UR191,Musée du quai Branly - Jacques Chirac,Paris,France,71.1887.9.16,,2/12/24
KH0430,UR192,Musée du quai Branly - Jacques Chirac,Paris,France,71.1887.9.15,,2/12/24
KH0431,UR193,Ethnologisches Museum,Berlin,Germany,VA42593,,2/12/24
KH0432,UR194,Ethnologisches Museum,Berlin,Germany,VA47082,,2/12/24
KH0433,UR195,Ethnologisches Museum,Berlin,Germany,VA63040,,2/12/24
KH0434,UR196,Ethnologisches Museum,Berlin,Germany,VA42521,,2/12/24
KH0435,UR197,Ethnologisches Museum,Berlin,Germany,VA42523,,2/12/24
KH0436,UR198,Ethnologisches Museum,Berlin,Germany,VA63039,,2/12/24
KH0437,UR199,Ethnologisches Museum,Berlin,Germany,VA42532,,2/12/24
KH0438,UR200,Ethnologisches Museum,Berlin,Germany,VA42597(A),"Added parentheses to accession numbers for UR200 and UR201, since the A and B were  assigned by Urton. The actual objects have the same accession number.",2/12/24
KH0439,UR201,Ethnologisches Museum,Berlin,Germany,VA42597(B),,2/12/24
KH0440,UR202,Ethnologisches Museum,Berlin,Germany,VA42543,,2/12/24
KH0441,UR203,Ethnologisches Museum,Berlin,Germany,VA42583,,2/12/24
KH0442,UR204,Ethnologisches Museum,Berlin,Germany,VA47114c(A),"Added parentheses to accession numbers for UR204, UR205, and UR206, since the A, B, and  C were assigned by Urton. The actual objects have the same accession number.",2/12/24
KH0443,UR205,Ethnologisches Museum,Berlin,Germany,VA47114c(B),,2/12/24
KH0444,UR206,Ethnologisches Museum,Berlin,Germany,VA47114c(C),,2/12/24
KH0445,UR207,Ethnologisches Museum,Berlin,Germany,VA12179,,2/12/24
KH0446,UR208,Ethnologisches Museum,Berlin,Germany,VA42549,,2/12/24
KH0447,UR209,Ethnologisches Museum,Berlin,Germany,VA16144,,2/12/24
KH0448,UR210,Ethnologisches Museum,Berlin,Germany,VA16141(A),"Added parentheses to accession numbers for UR210 and UR211, since the A and B were  assigned by Urton. The actual objects have the same accession number.",2/12/24
KH0449,UR211,Ethnologisches Museum,Berlin,Germany,VA16141(B),,2/12/24
KH0450,UR212,Ethnologisches Museum,Berlin,Germany,VA42513,,2/12/24
KH0451,UR213,Ethnologisches Museum,Berlin,Germany,VA42508(A),"Added parentheses to accession numbers for UR213 and UR214, since the A and B were  assigned by Urton. The actual objects have the same accession number.",2/12/24
KH0452,UR214,Ethnologisches Museum,Berlin,Germany,VA42508(B),,2/12/24
KH0453,UR215,Ethnologisches Museum,Berlin,Germany,VA22574,,2/12/24
KH0454,UR216,Ethnologisches Museum,Berlin,Germany,VA42586,,2/12/24
KH0455,UR217,Ethnologisches Museum,Berlin,Germany,VA44864a,,2/12/24
KH0456,UR218,Ethnologisches Museum,Berlin,Germany,VA42559,,2/12/24
KH0457,UR219,Ethnologisches Museum,Berlin,Germany,VA47084,,2/12/24
KH0458,UR220,Ethnologisches Museum,Berlin,Germany,VA47114a,,2/12/24
KH0459,UR221,Ethnologisches Museum,Berlin,Germany,VA47114b,Incorrect accession number in OKR; corrected to VA47114b.,2/12/24
KH0460,UR222,Ethnologisches Museum,Berlin,Germany,VA47114d,,2/12/24
KH0461,UR223,Ethnologisches Museum,Berlin,Germany,VA47077,,2/12/24
KH0462,UR225,Ethnologisches Museum,Berlin,Germany,VA67259,,2/12/24
KH0463,UR226,Ethnologisches Museum,Berlin,Germany,VA42551,,2/12/24
KH0464,UR227,Ethnologisches Museum,Berlin,Germany,VA44677a(A),"Added parentheses to accession numbers for UR227 and UR228, since the A and B were  assigned by Urton. The actual objects have the same accession number.",2/12/24
KH0465,UR228,Ethnologisches Museum,Berlin,Germany,VA44677a(B),,2/12/24
KH0466,UR229,Ethnologisches Museum,Berlin,Germany,VA47092,,2/12/24
KH0467,UR230,Ethnologisches Museum,Berlin,Germany,VA42576,,2/12/24
KH0468,UR231,Ethnologisches Museum,Berlin,Germany,VA16135a & VA16135b,,2/12/24
KH0469,UR232,Ethnologisches Museum,Berlin,Germany,VA63038(A),"Added parentheses to accession numbers for UR232 and UR233, since the A and B were  assigned by Urton. The actual objects have the same accession number.",2/12/24
KH0470,UR233,Ethnologisches Museum,Berlin,Germany,VA63038(B),,2/12/24
KH0471,UR234,Ethnologisches Museum,Berlin,Germany,VA66837,,2/12/24
KH0472,UR235,Ethnologisches Museum,Berlin,Germany,VA66830,,2/12/24
KH0473,UR237,Ethnologisches Museum,Berlin,Germany,VA66834,,2/12/24
KH0474,UR238,Ethnologisches Museum,Berlin,Germany,VA47093,,2/12/24
KH0475,UR239,Ethnologisches Museum,Berlin,Germany,VA66841,,2/12/24
KH0476,UR240,Ethnologisches Museum,Berlin,Germany,VA66839,,2/12/24
KH0477,UR241,Ethnologisches Museum,Berlin,Germany,VA42594,,2/12/24
KH0478,UR242,Ethnologisches Museum,Berlin,Germany,VA47094,,2/12/24
KH0479,UR243,Ethnologisches Museum,Berlin,Germany,VA42607(A),"Added parentheses to accession numbers for UR243, UR244, UR245, and UR246, since the  A, B, C, and D were assigned by Urton. The actual objects have the same accession number.",2/12/24
KH0480,UR244,Ethnologisches Museum,Berlin,Germany,VA42607(B),,2/12/24
KH0481,UR245,Ethnologisches Museum,Berlin,Germany,VA42607(C),,2/12/24
KH0482,UR246,Ethnologisches Museum,Berlin,Germany,VA42607(D),,2/12/24
KH0483,UR247,Ethnologisches Museum,Berlin,Germany,VA42610,This khipu is a duplicate of KH0140.,2/12/24
KH0484,UR248,Ethnologisches Museum,Berlin,Germany,VA42608,,2/12/24
KH0485,UR249,Ethnologisches Museum,Berlin,Germany,VA42578i,Appended an “i” to correct accession number following confirmation with Ethnologisches Museum online database.,2/12/24
KH0486,UR250,Ethnologisches Museum,Berlin,Germany,VA47112,,2/12/24
KH0487,UR251,GRASSI Museum für Völkerkunde,Leipzig,Germany,SAM 5555(d),,2/12/24
KH0488,UR252,GRASSI Museum für Völkerkunde,Leipzig,Germany,SAM 12402,,2/12/24
KH0489,UR253,GRASSI Museum für Völkerkunde,Leipzig,Germany,SAM 12405,,2/12/24
KH0490,UR254,GRASSI Museum für Völkerkunde,Leipzig,Germany,SAM 12408,,2/12/24
KH0491,UR255,Complejo arqueológico Inkawasi,"Cañete, Lima",Peru,9228-13,,2/12/24
KH0492,UR256,Complejo arqueológico Inkawasi,"Cañete, Lima",Peru,9228-13,,2/12/24
KH0493,UR257,Complejo arqueológico Inkawasi,"Cañete, Lima",Peru,9228-13,,2/12/24
KH0494,UR258,Complejo arqueológico Inkawasi,"Cañete, Lima",Peru,9228-13,,2/12/24
KH0495,UR259,Complejo arqueológico Inkawasi,"Cañete, Lima",Peru,9228-13A,,2/12/24
KH0496,UR260,Complejo arqueológico Inkawasi,"Cañete, Lima",Peru,9228-13B,,2/12/24
KH0497,UR261,Complejo arqueológico Inkawasi,"Cañete, Lima",Peru,9228-13C,,2/12/24
KH0498,UR262,Complejo arqueológico Inkawasi,"Cañete, Lima",Peru,12009-13,,2/12/24
KH0499,UR263,Complejo arqueológico Inkawasi,"Cañete, Lima",Peru,12704-2014,,2/12/24
KH0500,UR264,Complejo arqueológico Inkawasi,"Cañete, Lima",Peru,12703-2014,,2/12/24
KH0501,UR265,Complejo arqueológico Inkawasi,"Cañete, Lima",Peru,12703-2014,,2/12/24
KH0502,UR266,Complejo arqueológico Inkawasi,"Cañete, Lima",Peru,13829,,2/12/24
KH0503,UR267A,Complejo arqueológico Inkawasi,"Cañete, Lima",Peru,13092,,2/12/24
KH0504,UR267B,Complejo arqueológico Inkawasi,"Cañete, Lima",Peru,13092,,2/12/24
KH0505,UR268,Complejo arqueológico Inkawasi,"Cañete, Lima",Peru,13835,,2/12/24
KH0506,UR269,Complejo arqueológico Inkawasi,"Cañete, Lima",Peru,13828,,2/12/24
KH0507,UR270,Complejo arqueológico Inkawasi,"Cañete, Lima",Peru,13830,,2/12/24
KH0508,UR271,Complejo arqueológico Inkawasi,"Cañete, Lima",Peru,13842,,2/12/24
KH0509,UR272,Complejo arqueológico Inkawasi,"Cañete, Lima",Peru,13839,,2/12/24
KH0510,UR273A,Complejo arqueológico Inkawasi,"Cañete, Lima",Peru,13831-2014,,2/12/24
KH0511,UR273B,Complejo arqueológico Inkawasi,"Cañete, Lima",Peru,13831-2014,,2/12/24
KH0512,UR274A,Complejo arqueológico Inkawasi,"Cañete, Lima",Peru,13832-2014,,2/12/24
KH0513,UR274B,Complejo arqueológico Inkawasi,"Cañete, Lima",Peru,13832-2014,,2/12/24
KH0514,UR275,Complejo arqueológico Inkawasi,"Cañete, Lima",Peru,13836-2014,,2/12/24
KH0515,UR276,Complejo arqueológico Inkawasi,"Cañete, Lima",Peru,13837-2014,,2/12/24
KH0516,UR277,Complejo arqueológico Inkawasi,"Cañete, Lima",Peru,13834-2014,,2/12/24
KH0517,UR278,Complejo arqueológico Inkawasi,"Cañete, Lima",Peru,13833-2014,,2/12/24
KH0518,UR279,Complejo arqueológico Inkawasi,"Cañete, Lima",Peru,13838-2014,,2/12/24
KH0519,UR280,Complejo arqueológico Inkawasi,"Cañete, Lima",Peru,16474-2014,,2/12/24
KH0520,UR282,"Museo Nacional de Arqueología, Antropología e Historia del Perú",Lima,Peru,35268A,,2/12/24
KH0521,UR283,"Museo Nacional de Arqueología, Antropología e Historia del Perú",Lima,Peru,35268B,,2/12/24
KH0522,UR284,"Museo Nacional de Arqueología, Antropología e Historia del Perú",Lima,Peru,35269,,2/12/24
KH0523,UR285,"Museo Nacional de Arqueología, Antropología e Historia del Perú",Lima,Peru,36212,,2/12/24
KH0524,UR286,"Museo Nacional de Arqueología, Antropología e Historia del Perú",Lima,Peru,36213,,2/12/24
KH0525,UR287,"Museo Nacional de Arqueología, Antropología e Historia del Perú",Lima,Peru,36223A,,2/12/24
KH0526,UR288,"Museo Nacional de Arqueología, Antropología e Historia del Perú",Lima,Peru,36223B,,2/12/24
KH0527,UR289,"Museo Nacional de Arqueología, Antropología e Historia del Perú",Lima,Peru,36225,,2/12/24
KH0528,UR290,"Museo Nacional de Arqueología, Antropología e Historia del Perú",Lima,Peru,36224,,2/12/24
KH0529,UR291A,"Museo Nacional de Arqueología, Antropología e Historia del Perú",Lima,Peru,36268,,2/12/24
KH0530,UR292A,"Museo Nacional de Arqueología, Antropología e Historia del Perú",Lima,Peru,36226,,2/12/24
KH0531,UR293,"Museo Nacional de Arqueología, Antropología e Historia del Perú",Lima,Peru,36216,,2/12/24
KH0532,UR294,"Museo Nacional de Arqueología, Antropología e Historia del Perú",Lima,Peru,36217,,2/12/24
KH0533,HP001,Museo de Sitio de Pachacamac,"Pachacamac, Lima",Peru,"MSP 1385A/
RN 43366",,2/12/24
KH0534,HP002,Museo de Sitio de Pachacamac,"Pachacamac, Lima",Peru,"MSP 1385B/
RN 43366",,2/12/24
KH0535,HP003,Museo de Sitio de Pachacamac,"Pachacamac, Lima",Peru,"MSP 1386/
RN 43367",,2/12/24
KH0536,HP004,Museo de Sitio de Pachacamac,"Pachacamac, Lima",Peru,"MSP 1389/
RN 43370",Corrected accession number to MSP 1389/RN 43370 from MSP 1389/RN 43367,2/12/24
KH0537,HP005,Museo de Sitio de Pachacamac,"Pachacamac, Lima",Peru,"MSP 1391/
RN 43372",,2/12/24
KH0538,HP006,Museo de Sitio de Pachacamac,"Pachacamac, Lima",Peru,"MSP 1392/
RN 43373",,2/12/24
KH0539,HP007,Museo de Sitio de Pachacamac,"Pachacamac, Lima",Peru,"MSP 1393/
RN 43374",,2/12/24
KH0540,HP008,Museo de Sitio de Pachacamac,"Pachacamac, Lima",Peru,"MSP 1394/
RN 43375",,2/12/24
KH0541,HP009,Museo de Sitio de Pachacamac,"Pachacamac, Lima",Peru,"MSP 1395/
RN 43376",,2/12/24
KH0542,HP010,Museo de Sitio de Pachacamac,"Pachacamac, Lima",Peru,"MSP 1396/
RN 43377",,2/12/24
KH0543,HP011,Museo de Sitio de Pachacamac,"Pachacamac, Lima",Peru,"MSP 1397/
RN 43378",,2/12/24
KH0544,HP012,Museo de Sitio de Pachacamac,"Pachacamac, Lima",Peru,"MSP 1400/
RN 43381",,2/12/24
KH0545,HP013,Museo de Sitio de Pachacamac,"Pachacamac, Lima",Peru,"MSP 1403/
RN 43384",,2/12/24
KH0546,HP014,Museo de Sitio de Pachacamac,"Pachacamac, Lima",Peru,"MSP 1404/
RN 43385",,2/12/24
KH0547,HP015,Museo de Sitio de Pachacamac,"Pachacamac, Lima",Peru,"MSP 1405/
RN 43386",,2/12/24
KH0548,HP016,Museo de Sitio de Pachacamac,"Pachacamac, Lima",Peru,"MSP 1406/
RN 43387",,2/12/24
KH0549,HP017,Museo de Sitio de Pachacamac,"Pachacamac, Lima",Peru,"MSP 1409/
RN 43390",,2/12/24
KH0550,HP018,Museo de Sitio de Pachacamac,"Pachacamac, Lima",Peru,"MSP 1410/
RN 43391",,2/12/24
KH0551,HP019,Museo de Sitio de Pachacamac,"Pachacamac, Lima",Peru,"MSP 1412/
RN 43393",,2/12/24
KH0552,HP020,Museo de Sitio de Pachacamac,"Pachacamac, Lima",Peru,"MSP 1413/
RN 43394",,2/12/24
KH0553,HP021,Museo de Sitio de Pachacamac,"Pachacamac, Lima",Peru,"MSP 1414/
RN 43395",,2/12/24
KH0554,HP022,Museo de Sitio de Pachacamac,"Pachacamac, Lima",Peru,"MSP 1417/
RN 43398",,2/12/24
KH0555,HP023,Museo de Sitio de Pachacamac,"Pachacamac, Lima",Peru,"MSP 1418/
RN 43399",,2/12/24
KH0556,HP024,Museo de Sitio de Pachacamac,"Pachacamac, Lima",Peru,"MSP 1419/
RN 43400",,2/12/24
KH0557,HP025,Museo de Sitio de Pachacamac,"Pachacamac, Lima",Peru,"MSP 1420/
RN 43401",,2/12/24
KH0558,HP026,Museo de Sitio de Pachacamac,"Pachacamac, Lima",Peru,"MSP 1421/
RN 43402",,2/12/24
KH0559,HP027,Museo de Sitio de Pachacamac,"Pachacamac, Lima",Peru,"MSP 1422/
RN 43403",Corrected accession number to MSP 1422/RN 43403 from MSP 1422/RN 43404.,2/12/24
KH0560,HP028,Museo de Sitio de Pachacamac,"Pachacamac, Lima",Peru,"MSP 1423/
RN 43404",,2/12/24
KH0561,HP029,Museo de Sitio de Pachacamac,"Pachacamac, Lima",Peru,"MSP 1425A/
RN 43406",,2/12/24
KH0562,HP030,Museo de Sitio de Pachacamac,"Pachacamac, Lima",Peru,"MSP 1425B/
RN 43406",,2/12/24
KH0563,HP031,Museo de Sitio de Pachacamac,"Pachacamac, Lima",Peru,"MSP 1426/
RN 43407",,2/12/24
KH0564,HP032,Museo de Sitio de Pachacamac,"Pachacamac, Lima",Peru,"MSP 1429/
RN 43405",,2/12/24
KH0565,HP033,"Museo Nacional de Arqueología, Antropología e Historia del Perú",Lima,Peru,MNAAHP 543,,2/12/24
KH0566,HP034,"Museo Nacional de Arqueología, Antropología e Historia del Perú",Lima,Peru,MNAAHP 1721,,2/12/24
KH0567,HP037,"Museo Nacional de Arqueología, Antropología e Historia del Perú",Lima,Peru,MNAAHP 4134,,2/12/24
KH0568,HP038,"Museo Nacional de Arqueología, Antropología e Historia del Perú",Lima,Peru,MNAAHP 4202,Corrected accession number to MNAAHP 4202 from MNAAHP.,2/12/24
KH0569,HP039,"Museo Nacional de Arqueología, Antropología e Historia del Perú",Lima,Peru,MNAAHP 4203,,2/12/24
KH0570,HP040,"Museo Nacional de Arqueología, Antropología e Historia del Perú",Lima,Peru,MNAAHP 5691,,2/12/24
KH0571,HP042,"Museo Nacional de Arqueología, Antropología e Historia del Perú",Lima,Peru,MNAAHP 5701,,2/12/24
KH0572,HP043,"Museo Nacional de Arqueología, Antropología e Historia del Perú",Lima,Peru,MNAAHP 5704,,2/12/24
KH0573,HP044,"Museo Nacional de Arqueología, Antropología e Historia del Perú",Lima,Peru,MNAAHP 5713,,2/12/24
KH0574,HP045,"Museo Nacional de Arqueología, Antropología e Historia del Perú",Lima,Peru,MNAAHP 5719,,2/12/24
KH0575,HP046A,"Museo Nacional de Arqueología, Antropología e Historia del Perú",Lima,Peru,MNAAHP 5720A,,2/12/24
KH0576,HP046B,"Museo Nacional de Arqueología, Antropología e Historia del Perú",Lima,Peru,MNAAHP 5720B,,2/12/24
KH0577,HP047,"Museo Nacional de Arqueología, Antropología e Historia del Perú",Lima,Peru,MNAAHP 5722,,2/12/24
KH0578,HP048,"Museo Nacional de Arqueología, Antropología e Historia del Perú",Lima,Peru,MNAAHP 5723,,2/12/24
KH0579,HP049,"Museo Nacional de Arqueología, Antropología e Historia del Perú",Lima,Peru,MNAAHP 5724,,2/12/24
KH0580,HP050,"Museo Nacional de Arqueología, Antropología e Historia del Perú",Lima,Peru,MNAAHP 5725,,2/12/24
KH0581,HP051A,"Museo Nacional de Arqueología, Antropología e Historia del Perú",Lima,Peru,MNAAHP 5726A,,2/12/24
KH0582,HP051B,"Museo Nacional de Arqueología, Antropología e Historia del Perú",Lima,Peru,MNAAHP 5726B,,2/12/24
KH0583,HP052,"Museo Nacional de Arqueología, Antropología e Historia del Perú",Lima,Peru,MNAAHP 6345,,2/12/24
KH0584,HP053,"Museo Nacional de Arqueología, Antropología e Historia del Perú",Lima,Peru,MNAAHP 25086,,2/12/24
KH0585,HP054,"Museo Nacional de Arqueología, Antropología e Historia del Perú",Lima,Peru,MNAAHP 25577,,2/12/24
KH0586,HP055,"Museo Nacional de Arqueología, Antropología e Historia del Perú",Lima,Peru,MNAAHP 29934,,2/12/24
KH0587,HP056,"Museo Nacional de Arqueología, Antropología e Historia del Perú",Lima,Peru,MNAAHP 29935,,2/12/24
KH0588,HP057,"Museo Nacional de Arqueología, Antropología e Historia del Perú",Lima,Peru,MNAAHP 30564,Corrected accession number to MNAAHP 30564 from MNAAHP.,2/12/24
KH0589,QU001,Dallas Museum of Art,"Dallas, TX",USA,B397/T41299.22,The “B###” component of the Dallas Museum of Art khipu accession numbers is missing from  all QU khipus in the OKR. This has been rectified.,2/12/24
KH0590,QU002,Dallas Museum of Art,"Dallas, TX",USA,B376/T41299.23,,2/12/24
KH0591,QU003,Dallas Museum of Art,"Dallas, TX",USA,B388/T41299.24,,2/12/24
KH0592,QU004,Dallas Museum of Art,"Dallas, TX",USA,B378/T41299.25,,2/12/24
KH0593,QU005,Dallas Museum of Art,"Dallas, TX",USA,B377/T41299.26,,2/12/24
KH0594,QU006,Dallas Museum of Art,"Dallas, TX",USA,B384/T41299.27,,2/12/24
KH0595,QU007,Dallas Museum of Art,"Dallas, TX",USA,B372/T41299.28,,2/12/24
KH0596,QU008,Dallas Museum of Art,"Dallas, TX",USA,B367/T41299.29,,2/12/24
KH0597,QU009,Dallas Museum of Art,"Dallas, TX",USA,B366/T41299.30,,2/12/24
KH0598,QU010,Dallas Museum of Art,"Dallas, TX",USA,B374/T41299.31,,2/12/24
KH0599,QU011,Dallas Museum of Art,"Dallas, TX",USA,B375/T41299.32,,2/12/24
KH0600,QU012,Dallas Museum of Art,"Dallas, TX",USA,B391/T41299.20,QU012 was not originally entered into the OKR. It is re-introduced here.,2/12/24
KH0601,QU013,Dallas Museum of Art,"Dallas, TX",USA,B369 / T41299.33.A-B,,2/12/24
KH0602,QU014,Dallas Museum of Art,"Dallas, TX",USA,B399/T41299.34,,2/12/24
KH0603,QU015,Dallas Museum of Art,"Dallas, TX",USA,B373/T41299.18,,2/12/24
KH0604,QU016,Dallas Museum of Art,"Dallas, TX",USA,B383 & B383A / T41299.35.A-B,,2/12/24
KH0605,QU017,Dallas Museum of Art,"Dallas, TX",USA,B395/T41299.36,,2/12/24
KH0606,QU018,Dallas Museum of Art,"Dallas, TX",USA,B382/T41299.37,,2/12/24
KH0607,QU019,Dallas Museum of Art,"Dallas, TX",USA,B371/T41299.38,,2/12/24
KH0608,JC001,Complejo arqueológico Inkawasi,"Cañete, Lima",Peru,PAI-001-2016,,2/12/24
KH0609,JC002,Complejo arqueológico Inkawasi,"Cañete, Lima",Peru,PAI-003-2016,,2/12/24
KH0610,JC003,Complejo arqueológico Inkawasi,"Cañete, Lima",Peru,PAI-003-2016,,2/12/24
KH0611,JC004,Complejo arqueológico Inkawasi,"Cañete, Lima",Peru,PAI-005-2016,,2/12/24
KH0612,JC005,Complejo arqueológico Inkawasi,"Cañete, Lima",Peru,PAI-005-2016,,2/12/24
KH0613,JC006,Complejo arqueológico Inkawasi,"Cañete, Lima",Peru,PAI-002-2016,,2/12/24
KH0614,JC007,Complejo arqueológico Inkawasi,"Cañete, Lima",Peru,PAI-004-2016,,2/12/24
KH0615,JC008,Complejo arqueológico Inkawasi,"Cañete, Lima",Peru,PAI-1156-2016,,2/12/24
KH0616,JC009,Complejo arqueológico Inkawasi,"Cañete, Lima",Peru,PAI-007-2016,,2/12/24
KH0617,JC010,Complejo arqueológico Inkawasi,"Cañete, Lima",Peru,PAI-009-2016,,2/12/24
KH0618,JC011,Complejo arqueológico Inkawasi,"Cañete, Lima",Peru,PAI-008-2016,,2/12/24
KH0619,JC012,Complejo arqueológico Inkawasi,"Cañete, Lima",Peru,PAI-008-2016,,2/12/24
KH0620,JC013,Complejo arqueológico Inkawasi,"Cañete, Lima",Peru,PAI-008-2016,,2/12/24
KH0621,JC014,Complejo arqueológico Inkawasi,"Cañete, Lima",Peru,PAI-1444-2016,,2/12/24
KH0622,JC015,Complejo arqueológico Inkawasi,"Cañete, Lima",Peru,PAI-1441-2016,,2/12/24
KH0623,JC016,Complejo arqueológico Inkawasi,"Cañete, Lima",Peru,PAI-1459-2016,,2/12/24
KH0624,JC017,Complejo arqueológico Inkawasi,"Cañete, Lima",Peru,PAI-1456-2016,,2/12/24
KH0625,JC018,Complejo arqueológico Inkawasi,"Cañete, Lima",Peru,PAI-1453-2016,,2/12/24
KH0626,JC019,Complejo arqueológico Inkawasi,"Cañete, Lima",Peru,PAI-1455-2016,,2/12/24
KH0627,JC020,Complejo arqueológico Inkawasi,"Cañete, Lima",Peru,PAI-1454-2016,,2/12/24
KH0628,JC021,Complejo arqueológico Inkawasi,"Cañete, Lima",Peru,PAI-1440-2016,,2/12/24
KH0629,JC022,Complejo arqueológico Inkawasi,"Cañete, Lima",Peru,PAI-1443-2016,,2/12/24
KH0630,JC023,Complejo arqueológico Inkawasi,"Cañete, Lima",Peru,PAI-1436-2016,,2/12/24
KH0631,SH001,University of St Andrews,St Andrews,Scotland,SA004,,12/19/25
KH0632,SH002,University of St Andrews,St Andrews,Scotland,SA005,,12/19/25
KH0633,,The British Museum,London,England,"Am1937,0213.84",,12/19/25
KH0634,,The British Museum,London,England,"Am1937,0213.84",,12/19/25
KH0635,,The British Museum,London,England,"Am1937,0213.84",,12/19/25
KH0636,,University of St Andrews,St Andrews,Scotland,SA001,,12/19/25
KH0637,,University of St Andrews,St Andrews,Scotland,SA002,,12/19/25
KH0638,,"Museo Nacional de Arqueología, Antropología e Historia del Perú",Lima,Peru,RT-16905,,12/19/25
KH0639,,"Museo Nacional de Arqueología, Antropología e Historia del Perú",Lima,Peru,RT-16905,,12/19/25
KH0640,,"Museo Nacional de Arqueología, Antropología e Historia del Perú",Lima,Peru,RT-16905,,12/19/25
KH0641,,"Museo Nacional de Arqueología, Antropología e Historia del Perú",Lima,Peru,RT-16905,,12/19/25
KH0642,,"Museo Nacional de Arqueología, Antropología e Historia del Perú",Lima,Peru,RT-16905,,12/19/25
KH0643,,"Museo Nacional de Arqueología, Antropología e Historia del Perú",Lima,Peru,RT-16905,,12/19/25
KH0644,,"Museo Nacional de Arqueología, Antropología e Historia del Perú",Lima,Peru,RT-16905,,12/19/25
KH0645,,"Museo Nacional de Arqueología, Antropología e Historia del Perú",Lima,Peru,RT-16905,,12/19/25
KH0646,,"Museo Nacional de Arqueología, Antropología e Historia del Perú",Lima,Peru,RT-16905,,12/19/25
KH0647,,"Museo Nacional de Arqueología, Antropología e Historia del Perú",Lima,Peru,RT-16905,,12/19/25
KH0648,,"Museo Nacional de Arqueología, Antropología e Historia del Perú",Lima,Peru,RT-16905,,12/19/25
KH0649,,"Museo Nacional de Arqueología, Antropología e Historia del Perú",Lima,Peru,RT-16905,,12/19/25
KH0650,,"Museo Nacional de Arqueología, Antropología e Historia del Perú",Lima,Peru,RT-16905,,12/19/25
KH0651,,"Museo Nacional de Arqueología, Antropología e Historia del Perú",Lima,Peru,RT-16905,,12/19/25
KH0652,,"Museo Nacional de Arqueología, Antropología e Historia del Perú",Lima,Peru,RT-16905,,12/19/25
KH0653,JC024,Sitio arqueológico Huacones-Vilcahuasi,"Cañete, Lima",Peru,789,,12/19/25
KH0654,JC025,Sitio arqueológico Huacones-Vilcahuasi,"Cañete, Lima",Peru,788,,12/19/25
KH0655,JC026,Sitio arqueológico Huacones-Vilcahuasi,"Cañete, Lima",Peru,792,,12/19/25
KH0656,JC027,Sitio arqueológico Huacones-Vilcahuasi,"Cañete, Lima",Peru,785,,12/19/25
KH0657,JC028,Sitio arqueológico Huacones-Vilcahuasi,"Cañete, Lima",Peru,787,,12/19/25
KH0658,JC029,Sitio arqueológico Huacones-Vilcahuasi,"Cañete, Lima",Peru,791,,12/19/25
KH0659,JC030,Sitio arqueológico Huacones-Vilcahuasi,"Cañete, Lima",Peru,783,,12/19/25
KH0660,JC031,Sitio arqueológico Huacones-Vilcahuasi,"Cañete, Lima",Peru,790,,12/19/25
KH0661,JC032,Sitio arqueológico Huacones-Vilcahuasi,"Cañete, Lima",Peru,786,,12/19/25
KH0662,JC033,Sitio arqueológico Huacones-Vilcahuasi,"Cañete, Lima",Peru,784,,12/19/25
KH0663,JC034,Sitio arqueológico Huacones-Vilcahuasi,"Cañete, Lima",Peru,782,,12/19/25
KH0664,MM018,Museo de América,Madrid,Spain,14809,,12/19/25
KH0665,BA001,Maiman Collection (Deaccessioned),Tel Aviv,Israel,936,,12/19/25
KH0666,QU020,Beloit College,"Beloit, WI ",USA,8896,,12/19/25
KH0667,QU021,Beloit College,"Beloit, WI ",USA,7260,,12/19/25
KH0668,QU022,Beloit College,"Beloit, WI ",USA,1194.04,,12/19/25
KH0669,QU023,"Michael C. Carlos Museum, Emory University","Atlanta, GA",USA,2002.1.130,,12/19/25
KH0670,QU024,"Michael C. Carlos Museum, Emory University","Atlanta, GA",USA,2002.1.118,,12/19/25
KH0671,QU025,"Michael C. Carlos Museum, Emory University","Atlanta, GA",USA,2002.1.40,,12/19/25
KH0672,"AN001, MM006",Museum für Völkerkunde,Hamburg,Germany,61.54:2 dop 1,,12/19/25
KH0673,"AN002, MM007",Museum für Völkerkunde,Hamburg,Germany,61.54:2 dop 2,,12/19/25
KH0674,UR297,Dumbarton Oaks,"Washington, DC",USA,PC.WBC.2016.072,,12/19/25
KH0675,UR298,Dumbarton Oaks,"Washington, DC",USA,PC.WBC.2016.071,,12/19/25
KH0676,JS001,Brooklyn Museum,"Brooklyn, NY",USA,80.1012 aka 2708,,12/19/25
KH0677,MM001,Landesmuseum Hannover,Hannover,Germany,Grü-209,,12/19/25
KH0678,MM002,Lippisches Landesmuseum,Detmold,Germany,Unknown,,12/19/25
KH0679,MM003,Lippisches Landesmuseum,Detmold,Germany,Unknown,,12/19/25
KH0680,MM004,Lippisches Landesmuseum,Detmold,Germany,Unknown,,12/19/25
KH0681,MM005,"Museum am Rothenbaum, Kulturen und Kunste der Welt (MARKK)",Hamburg,Germany,xx am 80 (provisional number),,12/19/25
KH0682,MM008,Museum der Kulturen,Basel,Switzerland,IVc.366.03,,12/19/25
KH0683,MM009,Museum der Kulturen,Basel,Switzerland,IVc.366.03,,12/19/25
KH0684,MM010,Museum der Kulturen,Basel,Switzerland,IVc.366.03,,12/19/25
KH0685,MM011,Museum der Kulturen,Basel,Switzerland,IVc.366.03,,12/19/25
KH0686,MM012,Museum der Kulturen,Basel,Switzerland,IVc.366.03,,12/19/25
KH0687,MM013,Museum der Kulturen,Basel,Switzerland,IVc.366.03,,12/19/25
KH0688,MM014,Museum der Kulturen,Basel,Switzerland,IVc.366.03,,12/19/25
KH0689,MM015,Museum der Kulturen,Basel,Switzerland,IVc.366.03,,12/19/25
KH0690,MM016,Museum der Kulturen,Basel,Switzerland,IVc.366.03,,12/19/25
KH0691,MM017,Museum der Kulturen,Basel,Switzerland,IVc.366.03,,12/19/25
KH0692,MM019,Linden Museum,Stuttgart,Germany,M32902,,12/19/25
KH0693,MM020,Linden Museum,Stuttgart,Germany,69195,,12/19/25
KH0694,MM021,Weltkulturenmuseum,Frankfurt,Germany,NS 35318,,12/19/25
KH0695,MM022,McGill University Library,"Montreal, Quebec",Canada,002.49b,,12/19/25
KH0696,AK001,Maiman Collection (Deaccessioned),Tel Aviv,Israel,52290,,12/19/25
KH0697,AK002,Maiman Collection (Deaccessioned),Tel Aviv,Israel,9--26/52290,,12/19/25
KH0698,AK003,Maiman Collection (Deaccessioned),Tel Aviv,Israel,MC935,,12/19/25
KH0699,KT001,College of Southern Idaho,"Twin Falls, ID",USA,P.85.6,,12/19/25
KH0700,SB001,Stanford University Archaeology Collections,"Stanford, CA",USA,80.1012 aka 2708,,12/19/25
KH0701,AB001,"Art, Design and Architecture Museum, UC Santa Barbara","Santa Barbara, CA",USA,1966.79,,12/19/25
KH0702,,Museo Amano,Lima,Peru,R4303,,12/19/25